{
  "model": "random_forest",
  "accuracy": 0.956,
  "precision": 0.5714285714285714,
  "recall": 0.6153846153846154,
  "f1": 0.5925925925925926,
  "roc_auc": 0.912203829925349,
  "acc_non_sepsis": 0.9746835443037974,
  "acc_sepsis": 0.6153846153846154,
  "inference_ms": 52.54729196894914,
  "tn": 462,
  "fp": 12,
  "fn": 10,
  "tp": 16
}